{
  "Total" : {
    "transaction" : "Total",
    "sampleCount" : 10,
    "errorCount" : 0,
    "errorPct" : 0.0,
    "meanResTime" : 1635.2,
    "medianResTime" : 1185.5,
    "minResTime" : 609.0,
    "maxResTime" : 4862.0,
    "pct1ResTime" : 4646.800000000001,
    "pct2ResTime" : 4862.0,
    "pct3ResTime" : 4862.0,
    "throughput" : 0.8700948403375968,
    "receivedKBytesPerSec" : 4.181383505177064,
    "sentKBytesPerSec" : 0.11131096101975115
  },
  "HTTP Request" : {
    "transaction" : "HTTP Request",
    "sampleCount" : 10,
    "errorCount" : 0,
    "errorPct" : 0.0,
    "meanResTime" : 1635.2,
    "medianResTime" : 1185.5,
    "minResTime" : 609.0,
    "maxResTime" : 4862.0,
    "pct1ResTime" : 4646.800000000001,
    "pct2ResTime" : 4862.0,
    "pct3ResTime" : 4862.0,
    "throughput" : 0.8700948403375968,
    "receivedKBytesPerSec" : 4.181383505177064,
    "sentKBytesPerSec" : 0.11131096101975115
  }
}